street_name,lat,lon,matched_address,query_used,retrieved_utc
ALEXANDRA RD,1.291536547926244,103.8152850535028,ALEXANDRA ROAD,ALEXANDRA ROAD,2026-10-06T12:11:18Z
ANG MO KIO AVE 1,1.36370657540916,103.8472358324289,ANG MO KIO AVENUE 1,ANG MO KIO AVENUE 1,2026-10-06T12:11:19Z
ANG MO KIO AVE 10,1.366770402706365,103.8565898295806,ANG MO KIO AVENUE 10,ANG MO KIO AVENUE 10,2026-10-06T12:11:20Z
ANG MO KIO AVE 2,1.37285539502998,103.8331046280574,ANG MO KIO AVENUE 2,ANG MO KIO AVENUE 2,2026-10-06T12:11:21Z
ANG MO KIO AVE 3,1.369305825356668,103.8560364474786,ANG MO KIO AVENUE 3,ANG MO KIO AVENUE 3,2026-10-06T12:11:29Z
ANG MO KIO AVE 4,1.376479519345503,103.8394580245111,ANG MO KIO AVENUE 4,ANG MO KIO AVENUE 4,2026-10-06T12:11:30Z
BEDOK NTH RD,1.330607626476164,103.9303750742751,BEDOK NORTH ROAD,BEDOK NORTH ROAD,2026-10-06T12:11:31Z
BOON LAY AVE,1.347047861970866,103.7103674022207,BOON LAY AVENUE,BOON LAY AVENUE,2026-10-06T12:11:33Z
BOON LAY DR,1.343491978491707,103.7125145995623,BOON LAY DRIVE,BOON LAY DRIVE,2026-10-06T12:11:33Z
BT MERAH VIEW,1.282646751990723,103.8233271114962,128 BUKIT MERAH VIEW BUKIT MERAH VIEW SINGAPORE 150128,BUKIT MERAH VIEW,2026-10-06T12:11:35Z
BUANGKOK STH FARMWAY 1,,,,BUANGKOK SOUTH FARMWAY 1,2026-10-06T12:11:36Z
C'WEALTH AVE,1.300460023250437,103.800392012633,COMMONWEALTH AVENUE,COMMONWEALTH AVENUE,2026-10-06T12:11:36Z
C'WEALTH DR,1.300146985156621,103.7972162595299,COMMONWEALTH DRIVE,COMMONWEALTH DRIVE,2026-10-06T12:11:37Z
CLEMENTI AVE 1,1.31007611112403,103.7683600839261,CLEMENTI AVENUE 1,CLEMENTI AVENUE 1,2026-10-06T12:11:38Z
CLEMENTI AVE 4,1.318624095859566,103.766031455589,CLEMENTI AVENUE 4,CLEMENTI AVENUE 4,2026-10-06T12:11:40Z
CLEMENTI AVE 5,1.317220721702289,103.7678580826111,CLEMENTI AVENUE 5,CLEMENTI AVENUE 5,2026-10-06T12:11:40Z
DAKOTA CRES,1.306875560365933,103.8876006846342,DAKOTA CRESCENT,DAKOTA CRESCENT,2026-10-06T12:11:42Z
DEPOT RD,1.279463044675503,103.8161772298657,1 DEPOT ROAD DEFENCE SCIENCE & TECHNOLOGY AGENCY (DEPOT ROAD),DEPOT ROAD,2026-10-06T12:11:42Z
DOVER CRES,1.305725715292233,103.7827367626487,DOVER CRESCENT,DOVER CRESCENT,2026-10-06T12:11:43Z
DOVER RD,1.305869011386493,103.780417793767,DOVER ROAD,DOVER ROAD,2026-10-06T12:11:44Z
EAST COAST RD,1.309213003748959,103.9134975485471,EAST COAST ROAD,EAST COAST ROAD,2026-10-06T12:11:45Z
GHIM MOH RD,1.311736068469229,103.787313002276,GHIM MOH ROAD,GHIM MOH ROAD,2026-10-06T12:11:46Z
HAVELOCK RD,1.28895853856968,103.8390807379972,HAVELOCK ROAD,HAVELOCK ROAD,2026-10-06T12:11:48Z
HILLVIEW AVE,1.35734727348719,103.7624591205815,HILLVIEW AVENUE,HILLVIEW AVENUE,2026-10-06T12:11:49Z
HOLLAND DR,1.30982653841949,103.7928630457232,HOLLAND DRIVE,HOLLAND DRIVE,2026-10-06T12:11:50Z
HU CHING RD,1.329040327865805,103.7238217329221,HU CHING ROAD,HU CHING ROAD,2026-10-06T12:11:51Z
JLN MEMBINA BARAT,,,,JALAN MEMBINA BARAT,2026-10-06T12:11:52Z
JLN PASAR BARU,,,,JALAN PASAR BARU,2026-10-06T12:11:53Z
KG BAHRU HILL,,,,KAMPONG BAHRU HILL,2026-10-06T12:11:54Z
LIM CHU KANG RD,1.401184988138102,103.6937793926664,LIM CHU KANG ROAD,LIM CHU KANG ROAD,2026-10-06T12:11:55Z
LOR 1 TOA PAYOH,1.336988166800255,103.8435344610493,LORONG 1 TOA PAYOH,LORONG 1 TOA PAYOH,2026-10-06T12:11:56Z
LOR 2 TOA PAYOH,1.336277210770557,103.8465208784199,399 LORONG 2 TOA PAYOH ESSO TOA PAYOH LORONG 2 SINGAPORE 319640,LORONG 2 TOA PAYOH,2026-10-06T12:11:57Z
LOR 5 TOA PAYOH,1.336020767662008,103.8529569880616,75 LORONG 5 TOA PAYOH HAWKER CENTRE (BLK 75 TOA PAYOH LORONG 5) SINGAPORE 310075,LORONG 5 TOA PAYOH,2026-10-06T12:11:58Z
LOWER DELTA RD,1.280397387314405,103.823820591304,LOWER DELTA ROAD,LOWER DELTA ROAD,2026-10-06T12:11:59Z
MARGARET DR,1.296817561039604,103.8083948877127,MARGARET DRIVE,MARGARET DRIVE,2026-10-06T12:12:00Z
NILE RD,,,,NILE ROAD,2026-10-06T12:12:01Z
OUTRAM HILL,1.28460613162308,103.8361430813402,OUTRAM HILL,OUTRAM HILL,2026-10-06T12:12:02Z
OUTRAM PK,,,,OUTRAM PARK,2026-10-06T12:12:03Z
REDHILL CL,1.285451990592186,103.8164132609195,REDHILL CLOSE,REDHILL CLOSE,2026-10-06T12:12:04Z
ROCHOR RD,1.300137425639828,103.8563490785825,ROCHOR ROAD,ROCHOR ROAD,2026-10-06T12:12:05Z
SELETAR WEST FARMWAY 6,1.397461042082971,103.8665286153751,SELETAR WEST FARMWAY 6,SELETAR WEST FARMWAY 6,2026-10-06T12:12:06Z
SEMBAWANG RD,1.430268475059777,103.826777627864,SEMBAWANG ROAD,SEMBAWANG ROAD,2026-10-06T12:12:07Z
SHORT ST,1.302865925979428,103.8509724717959,SHORT STREET,SHORT STREET,2026-10-06T12:12:09Z
SIMS DR,1.316772228066212,103.8787807935912,61 SIMS DRIVE HDB SIMS DRIVE BRANCH,SIMS DRIVE,2026-10-06T12:12:10Z
STIRLING RD,1.295350185906968,103.8043562916722,STIRLING ROAD,STIRLING ROAD,2026-10-06T12:12:11Z
TAMAN HO SWEE,1.287715214165545,103.8319392276716,TAMAN HO SWEE,TAMAN HO SWEE,2026-10-06T12:12:12Z
TANGLIN HALT RD,1.300031530889113,103.7972734469344,TANGLIN HALT ROAD,TANGLIN HALT ROAD,2026-10-06T12:12:13Z
TEBAN GDNS RD,1.321879763775608,103.7418272915402,TEBAN GARDENS ROAD,TEBAN GARDENS ROAD,2026-10-06T12:12:14Z
TIONG BAHRU RD,1.284881328008492,103.8340429869419,TIONG BAHRU ROAD,TIONG BAHRU ROAD,2026-10-06T12:12:15Z
TOA PAYOH CTRL,1.33390034057388,103.8488548183817,177 TOA PAYOH CENTRAL TOA PAYOH CENTRAL SINGAPORE 310177,TOA PAYOH CENTRAL,2026-10-06T12:12:16Z
UPP BOON KENG RD,1.314268217951121,103.8718119279332,UPPER BOON KENG ROAD,UPPER BOON KENG ROAD,2026-10-06T12:12:17Z
WOODLANDS CTR RD,1.441661780774506,103.7689389494598,WOODLANDS CENTRE ROAD,WOODLANDS CENTRE ROAD,2026-10-06T12:12:18Z
YUNG KUANG RD,1.331544234947038,103.7230182852286,YUNG KUANG ROAD,YUNG KUANG ROAD,2026-10-06T12:12:19Z
YUNG PING RD,1.329675590604207,103.7226418152079,YUNG PING ROAD,YUNG PING ROAD,2026-10-06T12:12:20Z
ZION RD,1.291056525595707,103.8327068451529,ZION ROAD,ZION ROAD,2026-10-06T12:12:21Z
