block,street_name,first_month,last_month,rows_all,rows_t1,rows_t2,last_sold_before_2010
137,ALEXANDRA RD,1991-05,1997-12,21,0,0,yes
307,ANG MO KIO AVE 1,1990-02,1999-11,81,0,0,yes
308,ANG MO KIO AVE 1,1990-01,1999-11,67,0,0,yes
309,ANG MO KIO AVE 1,1990-01,1999-12,231,0,0,yes
316,ANG MO KIO AVE 1,1990-03,1999-11,54,0,0,yes
454,ANG MO KIO AVE 10,1990-02,1999-09,75,0,0,yes
455,ANG MO KIO AVE 10,1990-01,1998-11,28,0,0,yes
248,ANG MO KIO AVE 2,1990-02,2006-06,168,37,0,yes
247,ANG MO KIO AVE 3,1990-01,2006-09,163,25,0,yes
252,ANG MO KIO AVE 4,1990-01,2006-07,103,19,0,yes
83,BEDOK NTH RD,1990-02,2000-02,227,0,0,yes
220,BOON LAY AVE,1990-01,2005-07,94,14,0,yes
167,BOON LAY DR,1990-01,2011-09,166,71,0,no
168,BOON LAY DR,1990-01,2012-01,199,84,0,no
169,BOON LAY DR,1990-01,2012-01,193,89,0,no
170,BOON LAY DR,1990-01,2012-02,155,44,0,no
171,BOON LAY DR,1990-02,2011-06,157,62,0,no
172,BOON LAY DR,1990-01,2011-04,167,73,0,no
110,BT MERAH VIEW,1990-03,2009-11,55,24,0,yes
111,BT MERAH VIEW,1990-01,2010-01,70,28,0,no
113,BT MERAH VIEW,1990-09,2008-03,42,9,0,yes
114,BT MERAH VIEW,1990-01,2008-06,28,9,0,yes
5,BUANGKOK STH FARMWAY 1,1990-04,1999-11,62,0,0,yes
27A,C'WEALTH AVE,1990-03,2006-02,122,37,0,yes
39A,C'WEALTH AVE,1990-05,2006-02,76,23,0,yes
76,C'WEALTH DR,1990-02,2008-08,97,38,0,yes
77,C'WEALTH DR,1990-01,2008-08,83,27,0,yes
78,C'WEALTH DR,1990-01,2008-12,78,29,0,yes
79,C'WEALTH DR,1990-01,2008-02,60,15,0,yes
80,C'WEALTH DR,1990-03,2008-07,67,21,0,yes
401,CLEMENTI AVE 1,1990-01,2007-03,206,32,0,yes
402,CLEMENTI AVE 1,1990-02,2007-07,194,42,0,yes
403,CLEMENTI AVE 1,1990-02,2007-08,249,63,0,yes
407,CLEMENTI AVE 1,1990-02,2007-07,120,30,0,yes
409,CLEMENTI AVE 1,1990-02,2006-10,150,31,0,yes
313,CLEMENTI AVE 4,1990-01,2000-08,87,0,0,yes
314,CLEMENTI AVE 4,1990-01,2000-08,76,0,0,yes
321,CLEMENTI AVE 5,1990-07,2010-10,108,40,0,no
322,CLEMENTI AVE 5,1990-01,2011-02,115,44,0,no
323,CLEMENTI AVE 5,1990-01,2010-09,126,42,0,no
68,DAKOTA CRES,1991-08,1999-09,31,0,0,yes
103,DEPOT RD,1990-01,1999-12,86,0,0,yes
107,DEPOT RD,1990-02,1999-09,63,0,0,yes
24,DOVER CRES,1990-01,1999-12,71,0,0,yes
31,DOVER RD,1990-05,2004-03,81,9,0,yes
35,DOVER RD,1990-04,2004-08,71,14,0,yes
36,DOVER RD,1990-01,2004-03,44,3,0,yes
38,DOVER RD,1990-06,2004-06,98,16,0,yes
2,EAST COAST RD,1991-01,2011-10,40,15,0,no
3,EAST COAST RD,1990-12,2011-06,29,9,0,no
10,GHIM MOH RD,1990-03,2006-12,179,47,0,yes
11,GHIM MOH RD,1990-02,2007-01,152,40,0,yes
29,HAVELOCK RD,1990-01,2002-10,163,5,0,yes
2,HILLVIEW AVE,1990-01,1999-06,75,0,0,yes
4,HILLVIEW AVE,1990-01,1999-05,82,0,0,yes
6,HILLVIEW AVE,1990-01,1999-05,89,0,0,yes
7,HILLVIEW AVE,1990-04,1999-05,90,0,0,yes
8,HILLVIEW AVE,1990-04,1999-04,91,0,0,yes
15,HOLLAND DR,1990-08,2002-07,13,1,0,yes
16,HOLLAND DR,1990-01,2005-06,270,53,0,yes
17,HOLLAND DR,1990-02,2005-06,100,18,0,yes
142,HU CHING RD,1990-02,1999-11,24,0,0,yes
145,HU CHING RD,1990-01,1999-06,24,0,0,yes
24,JLN MEMBINA BARAT,1990-04,1998-11,20,0,0,yes
1,JLN PASAR BARU,1990-01,2003-01,199,10,0,yes
18,KG BAHRU HILL,1990-01,2005-08,14,3,0,yes
19,KG BAHRU HILL,1995-10,2005-07,8,2,0,yes
22,KG BAHRU HILL,1990-03,2006-09,7,3,0,yes
23,KG BAHRU HILL,1990-09,2005-03,12,3,0,yes
24,KG BAHRU HILL,1991-05,2004-10,9,2,0,yes
3,LIM CHU KANG RD,1990-03,1998-11,31,0,0,yes
166,LOR 1 TOA PAYOH,1990-01,1999-11,59,0,0,yes
167,LOR 1 TOA PAYOH,1990-07,1999-11,33,0,0,yes
89,LOR 2 TOA PAYOH,1990-05,1999-12,83,0,0,yes
30,LOR 5 TOA PAYOH,1990-01,2002-11,90,3,0,yes
32,LOWER DELTA RD,1990-04,1999-12,46,0,0,yes
96,MARGARET DR,1990-01,2000-12,99,0,0,yes
51,NILE RD,1990-04,1999-12,46,0,0,yes
54,NILE RD,1990-04,1999-12,58,0,0,yes
16,OUTRAM HILL,1991-07,1999-10,9,0,0,yes
21,OUTRAM PK,1990-05,1999-12,55,0,0,yes
22,OUTRAM PK,1990-01,1999-12,65,0,0,yes
1,REDHILL CL,1990-02,2010-12,35,15,0,no
10,REDHILL CL,1990-03,2011-12,43,23,0,no
11,REDHILL CL,1991-09,2012-01,43,22,0,no
12,REDHILL CL,1992-12,2011-12,27,11,0,no
13,REDHILL CL,1990-01,2011-12,29,12,0,no
14,REDHILL CL,1991-04,2010-11,33,15,0,no
15,REDHILL CL,1993-09,2011-05,23,13,0,no
16,REDHILL CL,1990-12,2011-09,44,20,0,no
17,REDHILL CL,1990-07,2010-11,32,11,0,no
18,REDHILL CL,1990-12,2011-03,25,11,0,no
19,REDHILL CL,1990-01,2010-11,41,15,0,no
2,REDHILL CL,1990-07,2011-03,42,22,0,no
20,REDHILL CL,1990-01,2011-07,33,18,0,no
21,REDHILL CL,1990-12,2012-01,27,9,0,no
22,REDHILL CL,1991-08,2011-02,35,17,0,no
3,REDHILL CL,1990-04,2011-05,51,22,0,no
5,REDHILL CL,1990-11,2011-05,32,16,0,no
6,REDHILL CL,1990-08,2012-01,43,22,0,no
7,REDHILL CL,1993-02,2010-12,39,16,0,no
8,REDHILL CL,1990-04,2011-05,30,17,0,no
9,REDHILL CL,1990-09,2010-09,27,16,0,no
1,ROCHOR RD,1990-07,2011-04,52,20,0,no
2,ROCHOR RD,1990-01,2011-08,84,38,0,no
3,ROCHOR RD,1990-05,2011-11,68,25,0,no
4,ROCHOR RD,1990-05,2011-06,95,43,0,no
1,SELETAR WEST FARMWAY 6,1990-04,2000-08,15,0,0,yes
2,SELETAR WEST FARMWAY 6,1990-04,2000-10,17,0,0,yes
5,SELETAR WEST FARMWAY 6,1990-01,2000-12,24,0,0,yes
6,SELETAR WEST FARMWAY 6,1997-04,2000-11,4,0,0,yes
7,SELETAR WEST FARMWAY 6,1992-04,2000-10,11,0,0,yes
5,SEMBAWANG RD,1990-05,1999-11,24,0,0,yes
11,SHORT ST,1990-03,1999-12,47,0,0,yes
12,SHORT ST,1990-01,1999-10,42,0,0,yes
13,SHORT ST,1990-01,1999-11,129,0,0,yes
54,SIMS DR,1990-02,2006-01,105,24,0,yes
59,SIMS DR,1990-01,2006-01,125,25,0,yes
62,SIMS DR,1990-02,2005-12,157,30,0,yes
172,STIRLING RD,1990-01,2001-02,55,0,0,yes
173,STIRLING RD,1990-01,2001-02,44,0,0,yes
31,TAMAN HO SWEE,1990-02,2002-12,144,4,0,yes
33,TAMAN HO SWEE,1990-01,2003-03,466,26,0,yes
24,TANGLIN HALT RD,1990-01,2014-05,131,54,0,no
25,TANGLIN HALT RD,1990-01,2014-02,160,71,0,no
26,TANGLIN HALT RD,1990-01,2013-04,126,59,0,no
27,TANGLIN HALT RD,1990-03,2014-01,133,58,0,no
28,TANGLIN HALT RD,1990-01,2014-05,133,51,0,no
29,TANGLIN HALT RD,1990-04,2014-06,128,59,0,no
30,TANGLIN HALT RD,1990-03,2014-03,119,58,0,no
31,TANGLIN HALT RD,1990-01,2014-04,143,54,0,no
32,TANGLIN HALT RD,1990-01,2013-08,138,57,0,no
45,TANGLIN HALT RD,1990-04,2014-06,147,53,0,no
51,TANGLIN HALT RD,1990-09,2002-10,10,1,0,yes
52,TANGLIN HALT RD,1990-01,2002-12,83,3,0,yes
53,TANGLIN HALT RD,1990-01,2003-01,79,4,0,yes
54,TANGLIN HALT RD,1990-01,2003-02,96,12,0,yes
10,TEBAN GDNS RD,1990-01,2007-10,90,17,0,yes
13,TEBAN GDNS RD,1990-03,1999-12,58,0,0,yes
14,TEBAN GDNS RD,1990-02,1999-12,43,0,0,yes
3,TEBAN GDNS RD,1990-01,2007-07,84,19,0,yes
5,TEBAN GDNS RD,1990-01,2007-07,83,21,0,yes
6,TEBAN GDNS RD,1990-04,2007-08,99,21,0,yes
7,TEBAN GDNS RD,1990-03,2007-11,82,26,0,yes
142,TIONG BAHRU RD,1990-05,1999-02,26,0,0,yes
79,TOA PAYOH CTRL,1990-02,1999-12,183,0,0,yes
10,UPP BOON KENG RD,1990-08,2001-03,53,0,0,yes
20,UPP BOON KENG RD,1990-01,2005-08,135,22,0,yes
6,UPP BOON KENG RD,1990-02,2000-11,77,0,0,yes
1A,WOODLANDS CTR RD,1990-01,2012-06,154,66,0,no
2A,WOODLANDS CTR RD,1990-04,2012-06,60,21,0,no
10,YUNG KUANG RD,1990-01,2006-03,114,25,0,yes
7,YUNG KUANG RD,1990-07,2005-12,128,29,0,yes
8,YUNG KUANG RD,1990-01,2006-05,106,28,0,yes
5,YUNG PING RD,1990-02,2005-06,98,13,0,yes
6,YUNG PING RD,1990-02,2006-04,112,23,0,yes
88,ZION RD,1990-04,2006-10,85,17,0,yes
89,ZION RD,1990-12,2006-04,47,9,0,yes
90,ZION RD,1990-04,2006-05,55,15,0,yes
91,ZION RD,1990-05,2006-06,59,12,0,yes
