Dollar,2000,2001,2002,2003,2004,2005,2006,2007,2008,2009,2010,2011,2012,2013,2014,2015,2016,2017,2018,2019,2020,2021,2022,2023,2024,2025
10th,1500,1500,1450,1392,1436,1448,1462,1500,1625,1636,1768,1890,1985,2000,2090,2196,2223,2223,2264,2329,2282,2340,2619,2781,2836,3008
20th,2184,2255,2178,2153,2162,2220,2260,2398,2708,2701,2889,3128,3393,3424,3618,3807,3927,3937,4000,4020,3955,4001,4446,4694,4910,5215
30th,2893,3000,2916,2941,2911,3000,3060,3312,3767,3721,3982,4388,4725,4841,5120,5377,5511,5616,5641,5728,5611,5785,6198,6738,6981,7407
40th,3600,3804,3700,3694,3683,3870,3955,4286,4882,4830,5095,5657,6037,6286,6650,6972,7078,7303,7379,7520,7325,7627,8075,8777,9151,9733
50th (Median),4400,4719,4595,4617,4556,4839,4957,5370,6102,6012,6350,7040,7570,7882,8297,8673,8867,9044,9315,9442,9208,9544,10120,10882,11314,12027
60th,5368,5800,5660,5695,5628,5968,6083,6644,7596,7401,7822,8605,9264,9704,10155,10560,10832,11060,11360,11607,11355,11787,12438,13431,13848,14714
70th,6593,7208,7009,6964,7001,7397,7509,8215,9398,9213,9668,10539,11414,11908,12451,12956,13258,13738,13987,14259,14064,14508,15471,16479,17161,18175
80th,8357,9240,8954,8979,8889,9412,9612,10561,11911,11754,12299,13570,14450,14943,15682,16419,16784,17425,17650,18192,17842,18278,19677,20786,21545,22708
90th,11636,12897,12395,12570,12483,13216,13550,14896,17067,16403,17350,18961,20056,20768,21901,22795,22988,23833,24457,25133,24760,24737,26791,28219,29159,30269
