month,sora3m,hdb
2005-10,2.0404,2.6000
2005-11,2.3302,2.6000
2005-12,2.6352,2.6000
2006-01,2.9672,2.6000
2006-02,3.0940,2.6000
2006-03,3.1717,2.6000
2006-04,3.1216,2.6000
2006-05,3.1211,2.6000
2006-06,3.1431,2.6000
2006-07,3.1847,2.6000
2006-08,3.2396,2.6000
2006-09,3.2573,2.6000
2006-10,3.3125,2.6000
2006-11,3.3216,2.6000
2006-12,3.2918,2.6000
2007-01,3.2050,2.6000
2007-02,3.1456,2.6000
2007-03,2.9207,2.6000
2007-04,2.6611,2.6000
2007-05,2.3771,2.6000
2007-06,2.2379,2.6000
2007-07,2.2052,2.6000
2007-08,2.2695,2.6000
2007-09,2.2837,2.6000
2007-10,2.2575,2.6000
2007-11,2.0178,2.6000
2007-12,1.5836,2.6000
2008-01,1.2604,2.6000
2008-02,1.1332,2.6000
2008-03,1.0839,2.6000
2008-04,0.8531,2.6000
2008-05,0.6457,2.6000
2008-06,0.5125,2.6000
2008-07,0.4498,2.6000
2008-08,0.4307,2.6000
2008-09,0.7137,2.6000
2008-10,0.7723,2.6000
2008-11,0.7117,2.6000
2008-12,0.4392,2.6000
2009-01,0.3089,2.6000
2009-02,0.2298,2.6000
2009-03,0.2047,2.6000
2009-04,0.1974,2.6000
2009-05,0.1683,2.6000
2009-06,0.1232,2.6000
2009-07,0.1350,2.6000
2009-08,0.1919,2.6000
2009-09,0.2064,2.6000
2009-10,0.2574,2.6000
2009-11,0.2541,2.6000
2009-12,0.2149,2.6000
2010-01,0.1703,2.6000
2010-02,0.1352,2.6000
2010-03,0.1326,2.6000
2010-04,0.1230,2.6000
2010-05,0.1054,2.6000
2010-06,0.1170,2.6000
2010-07,0.1218,2.6000
2010-08,0.1224,2.6000
2010-09,0.1139,2.6000
2010-10,0.0997,2.6000
2010-11,0.0934,2.6000
2010-12,0.0792,2.6000
2011-01,0.0757,2.6000
2011-02,0.0732,2.6000
2011-03,0.0609,2.6000
2011-04,0.0583,2.6000
2011-05,0.0554,2.6000
2011-06,0.0619,2.6000
2011-07,0.0511,2.6000
2011-08,0.0449,2.6000
2011-09,0.0472,2.6000
2011-10,0.0511,2.6000
2011-11,0.0555,2.6000
2011-12,0.0548,2.6000
2012-01,0.0611,2.6000
2012-02,0.0522,2.6000
2012-03,0.0494,2.6000
2012-04,0.0362,2.6000
2012-05,0.0454,2.6000
2012-06,0.0484,2.6000
2012-07,0.0577,2.6000
2012-08,0.0625,2.6000
2012-09,0.0769,2.6000
2012-10,0.0794,2.6000
2012-11,0.0751,2.6000
2012-12,0.0583,2.6000
2013-01,0.0505,2.6000
2013-02,0.0505,2.6000
2013-03,0.0483,2.6000
2013-04,0.0494,2.6000
2013-05,0.0523,2.6000
2013-06,0.0496,2.6000
2013-07,0.0512,2.6000
2013-08,0.0428,2.6000
2013-09,0.0395,2.6000
2013-10,0.0510,2.6000
2013-11,0.0570,2.6000
2013-12,0.0642,2.6000
2014-01,0.0524,2.6000
2014-02,0.0480,2.6000
2014-03,0.0575,2.6000
2014-04,0.0652,2.6000
2014-05,0.0785,2.6000
2014-06,0.0718,2.6000
2014-07,0.0710,2.6000
2014-08,0.0730,2.6000
2014-09,0.0811,2.6000
2014-10,0.0868,2.6000
2014-11,0.0979,2.6000
2014-12,0.1183,2.6000
2015-01,0.1433,2.6000
2015-02,0.1981,2.6000
2015-03,0.2331,2.6000
2015-04,0.2619,2.6000
2015-05,0.2362,2.6000
2015-06,0.2290,2.6000
2015-07,0.2248,2.6000
2015-08,0.2331,2.6000
2015-09,0.2140,2.6000
2015-10,0.2521,2.6000
2015-11,0.3049,2.6000
2015-12,0.3483,2.6000
2016-01,0.3526,2.6000
2016-02,0.3027,2.6000
2016-03,0.3075,2.6000
2016-04,0.3090,2.6000
2016-05,0.2836,2.6000
2016-06,0.2257,2.6000
2016-07,0.1903,2.6000
2016-08,0.1473,2.6000
2016-09,0.1331,2.6000
2016-10,0.0807,2.6000
2016-11,0.0854,2.6000
2016-12,0.1458,2.6000
2017-01,0.1688,2.6000
2017-02,0.2413,2.6000
2017-03,0.2604,2.6000
2017-04,0.3518,2.6000
2017-05,0.4018,2.6000
2017-06,0.4935,2.6000
2017-07,0.5993,2.6000
2017-08,0.6832,2.6000
2017-09,0.7045,2.6000
2017-10,0.7386,2.6000
2017-11,0.7284,2.6000
2017-12,0.8446,2.6000
2018-01,0.6769,2.6000
2018-02,0.7711,2.6000
2018-03,0.6786,2.6000
2018-04,0.8108,2.6000
2018-05,0.8277,2.6000
2018-06,0.9068,2.6000
2018-07,1.0639,2.6000
2018-08,1.1723,2.6000
2018-09,1.2178,2.6000
2018-10,1.2119,2.6000
2018-11,1.2724,2.6000
2018-12,1.4639,2.6000
2019-01,1.5455,2.6000
2019-02,1.5944,2.6000
2019-03,1.5423,2.6000
2019-04,1.6249,2.6000
2019-05,1.6846,2.6000
2019-06,1.7150,2.6000
2019-07,1.6703,2.6000
2019-08,1.5875,2.6000
2019-09,1.5278,2.6000
2019-10,1.4567,2.6000
2019-11,1.3102,2.6000
2019-12,1.2636,2.6000
2020-01,1.2023,2.6000
2020-02,1.1404,2.6000
2020-03,0.8809,2.6000
2020-04,0.5340,2.6000
2020-05,0.2707,2.6000
2020-06,0.1411,2.6000
2020-07,0.0811,2.6000
2020-08,0.0985,2.6000
2020-09,0.0988,2.6000
2020-10,0.1167,2.6000
2020-11,0.1160,2.6000
2020-12,0.1661,2.6000
2021-01,0.1694,2.6000
2021-02,0.1996,2.6000
2021-03,0.2216,2.6000
2021-04,0.1862,2.6000
2021-05,0.1679,2.6000
2021-06,0.1326,2.6000
2021-07,0.1321,2.6000
2021-08,0.1300,2.6000
2021-09,0.1306,2.6000
2021-10,0.1555,2.6000
2021-11,0.1579,2.6000
2021-12,0.1943,2.6000
2022-01,0.2065,2.6000
2022-02,0.2504,2.6000
2022-03,0.2760,2.6000
2022-04,0.3227,2.6000
2022-05,0.5263,2.6000
2022-06,0.7720,2.6000
2022-07,1.2712,2.6000
2022-08,1.5967,2.6000
2022-09,2.0655,2.6000
2022-10,2.4613,2.6000
2022-11,2.9243,2.6000
2022-12,3.0294,2.6000
2023-01,3.1419,2.6000
2023-02,3.2206,2.6000
2023-03,3.5775,2.6000
2023-04,3.6057,2.6000
2023-05,3.6241,2.6000
2023-06,3.6549,2.6000
2023-07,3.6748,2.6000
2023-08,3.6964,2.6000
2023-09,3.7017,2.6000
2023-10,3.7527,2.6000
2023-11,3.7464,2.6000
2023-12,3.7018,2.6000
2024-01,3.6548,2.6000
2024-02,3.6488,2.6000
2024-03,3.6829,2.6000
2024-04,3.6491,2.6000
2024-05,3.6597,2.6000
2024-06,3.6336,2.6000
2024-07,3.6381,2.6000
2024-08,3.5694,2.6000
2024-09,3.4932,2.6000
2024-10,3.3769,2.6000
2024-11,3.2147,2.6000
2024-12,3.0346,2.6000
2025-01,2.8993,2.6000
2025-02,2.7291,2.6000
2025-03,2.5507,2.6000
2025-04,2.3587,2.6000
2025-05,2.2692,2.6000
2025-06,2.0533,2.6000
2025-07,1.8450,2.6000
2025-08,1.5638,2.6000
2025-09,1.4532,2.6000
2025-10,1.3203,2.6000
2025-11,1.2530,2.6000
2025-12,1.1857,2.6000
2026-01,1.1502,2.6000
2026-02,1.1219,2.6000
2026-03,1.0708,2.6000
2026-04,1.0298,2.6000
2026-05,1.0564,2.6000
2026-06,1.0825,2.6000
2026-07,1.1354,2.6000
